<?xml version="1.0" encoding="UTF-8"?>
<definitions xmlns="http://www.omg.org/spec/BPMN/20100524/MODEL" xmlns:xsi="http://www.w3.org/2001/XMLSchema-instance" xmlns:xsd="http://www.w3.org/2001/XMLSchema" xmlns:activiti="http://activiti.org/bpmn" xmlns:bpmndi="http://www.omg.org/spec/BPMN/20100524/DI" xmlns:omgdc="http://www.omg.org/spec/DD/20100524/DC" xmlns:omgdi="http://www.omg.org/spec/DD/20100524/DI" typeLanguage="http://www.w3.org/2001/XMLSchema" expressionLanguage="http://www.w3.org/1999/XPath" targetNamespace="http://www.activiti.org/processdef">
  <process id="qingjiatest" isExecutable="true">
    <startEvent id="sid-8628393C-1439-4F3E-B68E-5F7218A7B2FD"></startEvent>
    <endEvent id="sid-331DCFB4-8398-4AC9-B5E9-E38B1A4F920F"></endEvent>
    <userTask id="sid-6DE5507C-6BC8-4040-B4E1-093902099943" name="张三审批" activiti:assignee="zhang3"></userTask>
    <userTask id="sid-8A216C97-3D97-4ECB-ADD5-2364BF300A58" name="李四审批" activiti:assignee="li4"></userTask>
    <sequenceFlow id="sid-278080AE-E582-4FC3-A3E2-75F46A555E21" sourceRef="sid-8628393C-1439-4F3E-B68E-5F7218A7B2FD" targetRef="sid-6DE5507C-6BC8-4040-B4E1-093902099943"></sequenceFlow>
    <sequenceFlow id="sid-652B1249-9C5B-4F7F-B585-C25C433B88E8" sourceRef="sid-6DE5507C-6BC8-4040-B4E1-093902099943" targetRef="sid-8A216C97-3D97-4ECB-ADD5-2364BF300A58"></sequenceFlow>
    <sequenceFlow id="sid-3691967E-1890-46F3-9C9D-3AB61CE7CB66" sourceRef="sid-8A216C97-3D97-4ECB-ADD5-2364BF300A58" targetRef="sid-331DCFB4-8398-4AC9-B5E9-E38B1A4F920F"></sequenceFlow>
  </process>
  <bpmndi:BPMNDiagram id="BPMNDiagram_qingjiatest">
    <bpmndi:BPMNPlane bpmnElement="qingjiatest" id="BPMNPlane_qingjiatest">
      <bpmndi:BPMNShape bpmnElement="sid-8628393C-1439-4F3E-B68E-5F7218A7B2FD" id="BPMNShape_sid-8628393C-1439-4F3E-B68E-5F7218A7B2FD">
        <omgdc:Bounds height="30.0" width="30.0" x="122.19997964501411" y="140.99999767541888"></omgdc:Bounds>
      </bpmndi:BPMNShape>
      <bpmndi:BPMNShape bpmnElement="sid-331DCFB4-8398-4AC9-B5E9-E38B1A4F920F" id="BPMNShape_sid-331DCFB4-8398-4AC9-B5E9-E38B1A4F920F">
        <omgdc:Bounds height="28.0" width="28.0" x="790.1999697059398" y="148.99999757111075"></omgdc:Bounds>
      </bpmndi:BPMNShape>
      <bpmndi:BPMNShape bpmnElement="sid-6DE5507C-6BC8-4040-B4E1-093902099943" id="BPMNShape_sid-6DE5507C-6BC8-4040-B4E1-093902099943">
        <omgdc:Bounds height="80.0" width="100.0" x="254.99999620020395" y="104.9999984353781"></omgdc:Bounds>
      </bpmndi:BPMNShape>
      <bpmndi:BPMNShape bpmnElement="sid-8A216C97-3D97-4ECB-ADD5-2364BF300A58" id="BPMNShape_sid-8A216C97-3D97-4ECB-ADD5-2364BF300A58">
        <omgdc:Bounds height="80.0" width="100.0" x="539.9999919533731" y="104.9999984353781"></omgdc:Bounds>
      </bpmndi:BPMNShape>
      <bpmndi:BPMNEdge bpmnElement="sid-278080AE-E582-4FC3-A3E2-75F46A555E21" id="BPMNEdge_sid-278080AE-E582-4FC3-A3E2-75F46A555E21">
        <omgdi:waypoint x="152.16785298435545" y="155.01879041014053"></omgdi:waypoint>
        <omgdi:waypoint x="254.99999620020395" y="148.277709446933"></omgdi:waypoint>
      </bpmndi:BPMNEdge>
      <bpmndi:BPMNEdge bpmnElement="sid-3691967E-1890-46F3-9C9D-3AB61CE7CB66" id="BPMNEdge_sid-3691967E-1890-46F3-9C9D-3AB61CE7CB66">
        <omgdi:waypoint x="639.9999919533731" y="149.2016793423027"></omgdi:waypoint>
        <omgdi:waypoint x="790.2491409787929" y="161.82765895713817"></omgdi:waypoint>
      </bpmndi:BPMNEdge>
      <bpmndi:BPMNEdge bpmnElement="sid-652B1249-9C5B-4F7F-B585-C25C433B88E8" id="BPMNEdge_sid-652B1249-9C5B-4F7F-B585-C25C433B88E8">
        <omgdi:waypoint x="354.99999620020395" y="144.9999984353781"></omgdi:waypoint>
        <omgdi:waypoint x="539.9999919533731" y="144.9999984353781"></omgdi:waypoint>
      </bpmndi:BPMNEdge>
    </bpmndi:BPMNPlane>
  </bpmndi:BPMNDiagram>
</definitions>